{
    "paragraphs_processed": 2,
    "total_paragraphs": 50,
    "processing_times": [
        125.75757217407227,
        185.9187250137329
    ],
    "use_incontext": false
}