{
    "paragraphs_processed": 8,
    "total_paragraphs": 50,
    "processing_times": [
        114.95640802383423,
        196.26037096977234,
        215.02445793151855,
        215.37896418571472,
        192.58457493782043,
        186.93601512908936,
        176.96707606315613,
        191.12085676193237
    ],
    "use_incontext": false
}