{
    "sentences_processed": 344,
    "total_sentences": 344,
    "processing_times": [
        1.5592138767242432,
        0.6603660583496094,
        0.8103499412536621,
        0.8199396133422852,
        0.7545380592346191,
        0.7383439540863037,
        0.7941319942474365,
        0.8433890342712402,
        0.8132050037384033,
        0.8346109390258789,
        0.8173468112945557,
        0.7598979473114014,
        0.6667592525482178,
        0.7849669456481934,
        0.7938430309295654,
        0.6226465702056885,
        0.8039529323577881,
        0.6686179637908936,
        0.7775259017944336,
        0.780055046081543,
        0.8261010646820068,
        0.6585960388183594,
        0.7807979583740234,
        0.8095121383666992,
        0.8400681018829346,
        0.7470982074737549,
        0.6152870655059814,
        0.79758620262146,
        0.6761801242828369,
        0.794226884841919,
        0.836820125579834,
        0.8644123077392578,
        0.773993968963623,
        0.8910379409790039,
        0.8213150501251221,
        0.7943480014801025,
        0.8410861492156982,
        0.7631161212921143,
        0.8318619728088379,
        0.7015259265899658,
        0.7470877170562744,
        0.7812950611114502,
        0.7799818515777588,
        0.7592523097991943,
        0.6161742210388184,
        0.737598180770874,
        0.6057138442993164,
        0.7900190353393555,
        0.8083620071411133,
        0.7971758842468262,
        0.8595349788665771,
        0.7783920764923096,
        0.7901949882507324,
        0.7778077125549316,
        0.7460100650787354,
        0.7822539806365967,
        0.7743339538574219,
        0.6276218891143799,
        0.6110048294067383,
        0.8385229110717773,
        0.7516529560089111,
        0.707667350769043,
        0.754094123840332,
        0.6170799732208252,
        0.7096869945526123,
        0.8519151210784912,
        0.8013350963592529,
        0.7800040245056152,
        0.8394579887390137,
        0.7802779674530029,
        0.6268751621246338,
        0.8402323722839355,
        0.8508789539337158,
        0.87654709815979,
        0.8826098442077637,
        0.767805814743042,
        0.871711015701294,
        0.9209020137786865,
        0.8719789981842041,
        0.8954010009765625,
        0.8873069286346436,
        0.9073307514190674,
        0.8134992122650146,
        0.6137559413909912,
        0.7904729843139648,
        0.7852678298950195,
        0.7943592071533203,
        0.7745389938354492,
        0.7738990783691406,
        0.896003246307373,
        0.7857949733734131,
        0.8369710445404053,
        0.776113748550415,
        0.8530046939849854,
        0.9279420375823975,
        0.9531419277191162,
        1.044438123703003,
        0.9277150630950928,
        0.8697030544281006,
        0.8676958084106445,
        0.8396899700164795,
        0.891279935836792,
        0.8819639682769775,
        0.7805531024932861,
        0.7868208885192871,
        0.8786790370941162,
        0.8178129196166992,
        0.8543171882629395,
        0.7657148838043213,
        0.7582991123199463,
        0.7555327415466309,
        0.7912170886993408,
        0.7702038288116455,
        0.763617992401123,
        0.8071961402893066,
        0.8211331367492676,
        0.777944803237915,
        0.809791088104248,
        0.7829639911651611,
        0.769923210144043,
        0.8740181922912598,
        0.7632780075073242,
        0.7660520076751709,
        0.7710020542144775,
        0.8936781883239746,
        0.7741749286651611,
        0.7744529247283936,
        0.773651123046875,
        0.7768750190734863,
        0.85939621925354,
        0.7799110412597656,
        0.8218297958374023,
        0.9339427947998047,
        0.7858538627624512,
        0.7806801795959473,
        0.7757329940795898,
        0.7914409637451172,
        0.6478328704833984,
        0.6036908626556396,
        0.74127197265625,
        0.7579801082611084,
        0.6160778999328613,
        0.756659984588623,
        0.6250088214874268,
        0.637408971786499,
        0.7614626884460449,
        0.7702610492706299,
        0.7710270881652832,
        0.7734758853912354,
        0.7715339660644531,
        0.6215710639953613,
        0.7558770179748535,
        0.8147521018981934,
        0.7688338756561279,
        0.7668240070343018,
        0.7949299812316895,
        0.7685377597808838,
        0.7709369659423828,
        0.8030312061309814,
        0.7815229892730713,
        0.8876042366027832,
        0.7851769924163818,
        0.7973899841308594,
        0.7801311016082764,
        0.7802338600158691,
        0.6540951728820801,
        0.7756328582763672,
        0.8038952350616455,
        0.7716100215911865,
        0.7740962505340576,
        0.7845990657806396,
        0.781245231628418,
        0.7966129779815674,
        0.7899320125579834,
        0.7762360572814941,
        0.7747361660003662,
        0.7720870971679688,
        0.795922040939331,
        0.8120968341827393,
        0.8090190887451172,
        0.8716139793395996,
        0.8463501930236816,
        0.827080249786377,
        0.8223681449890137,
        0.7897491455078125,
        0.7980380058288574,
        0.7935910224914551,
        0.816687822341919,
        0.7731740474700928,
        0.7855370044708252,
        0.8126230239868164,
        0.8033261299133301,
        0.7704699039459229,
        0.7727751731872559,
        0.7780320644378662,
        0.7806801795959473,
        0.7763841152191162,
        0.7848930358886719,
        0.7621719837188721,
        0.7773799896240234,
        0.7606551647186279,
        0.7736449241638184,
        0.7775790691375732,
        0.8267619609832764,
        0.7731139659881592,
        0.769550085067749,
        0.7698788642883301,
        0.7754390239715576,
        0.7794771194458008,
        0.7773778438568115,
        0.8348298072814941,
        0.7639422416687012,
        0.7657968997955322,
        0.7631938457489014,
        0.7687098979949951,
        0.771665096282959,
        0.7783150672912598,
        0.7896101474761963,
        0.7746596336364746,
        0.6192851066589355,
        0.7567369937896729,
        0.7810118198394775,
        0.7749509811401367,
        0.7773089408874512,
        0.7807738780975342,
        0.7938990592956543,
        0.7657248973846436,
        0.6205198764801025,
        0.7590060234069824,
        0.7936897277832031,
        0.6464040279388428,
        0.7652878761291504,
        0.6678793430328369,
        0.761728048324585,
        0.7654869556427002,
        0.7783117294311523,
        0.6281640529632568,
        0.7526760101318359,
        0.7743573188781738,
        0.8171567916870117,
        0.7721261978149414,
        0.624518871307373,
        0.7598340511322021,
        0.651684045791626,
        0.752227783203125,
        0.7747762203216553,
        0.7711219787597656,
        0.77469801902771,
        0.8027169704437256,
        0.7757141590118408,
        0.7702839374542236,
        0.7628698348999023,
        0.7683429718017578,
        0.7671332359313965,
        0.6194689273834229,
        0.6144132614135742,
        0.7776868343353271,
        0.7858591079711914,
        0.6296148300170898,
        0.7595498561859131,
        0.6310219764709473,
        0.6381072998046875,
        0.7813210487365723,
        0.7763700485229492,
        0.7870962619781494,
        0.7744081020355225,
        0.7674417495727539,
        0.625601053237915,
        0.7457258701324463,
        0.7765040397644043,
        0.7643320560455322,
        0.7767539024353027,
        0.7993009090423584,
        0.781818151473999,
        0.7951920032501221,
        0.8078930377960205,
        0.7828621864318848,
        0.8952939510345459,
        0.7823770046234131,
        0.807520866394043,
        0.7707169055938721,
        0.77388596534729,
        0.620542049407959,
        0.7610218524932861,
