{
    "sentences_processed": 37,
    "total_sentences": 598,
    "processing_times": [
        0.9976508617401123,
        0.7883501052856445,
        0.9084608554840088,
        0.772953987121582,
        0.7682671546936035,
        0.7746078968048096,
        0.9652760028839111,
        0.8976068496704102,
        0.811917781829834,
        0.9124090671539307,
        0.7886321544647217,
        0.7836151123046875,
        1.1599509716033936,
        0.7902140617370605,
        0.8190891742706299,
        0.7905008792877197,
        0.7957429885864258,
        0.8079280853271484,
        0.7645707130432129,
        0.7726738452911377,
        0.8913118839263916,
        0.7869839668273926,
        0.9024319648742676,
        0.7931058406829834,
        0.8022031784057617,
        1.1567659378051758,
        0.7803001403808594,
        0.8998970985412598,
        0.753399133682251,
        0.7992141246795654,
        0.7783410549163818,
        0.9178550243377686,
        0.8230190277099609,
        0.8295459747314453,
        0.8925161361694336,
        0.8944098949432373,
        0.7757139205932617
    ]
}