{
    "sentences_processed": 344,
    "total_sentences": 344,
    "processing_times": [
        1.9472050666809082,
        0.6926147937774658,
        0.832658052444458,
        0.856187105178833,
        0.7295851707458496,
        0.7170209884643555,
        0.8064420223236084,
        0.9005630016326904,
        0.8614861965179443,
        0.8228960037231445,
        0.871880054473877,
        0.8321962356567383,
        0.7538270950317383,
        0.8478269577026367,
        0.8481993675231934,
        0.6026690006256104,
        0.7972269058227539,
        0.688880205154419,
        0.7768492698669434,
        0.8285338878631592,
        0.8779659271240234,
        0.6380949020385742,
        1.195260763168335,
        0.815300703048706,
        0.8545069694519043,
        0.805919885635376,
        0.6373181343078613,
        0.8340508937835693,
        0.7010970115661621,
        1.0511889457702637,
        1.0447578430175781,
        0.891237735748291,
        0.7726740837097168,
        0.8407919406890869,
        0.833791971206665,
        0.7775266170501709,
        0.8939809799194336,
        0.8008363246917725,
        0.8366849422454834,
        0.7287008762359619,
        0.7891037464141846,
        0.8596222400665283,
        0.855205774307251,
        0.7809710502624512,
        0.624168872833252,
        0.7933571338653564,
        0.6446080207824707,
        0.7443809509277344,
        0.7566771507263184,
        0.7606320381164551,
        0.7781529426574707,
        0.8664259910583496,
        0.81986403465271,
        0.7785141468048096,
        0.7792270183563232,
        0.7734801769256592,
        0.7643861770629883,
        0.6517102718353271,
        0.6112709045410156,
        1.114150047302246,
        0.7725517749786377,
        0.7600791454315186,
        0.7875850200653076,
        0.6280372142791748,
        0.7312471866607666,
        0.8431909084320068,
        0.7772769927978516,
        0.7827408313751221,
        0.8356297016143799,
        0.7694411277770996,
        0.6249940395355225,
        0.8407430648803711,
        0.8615131378173828,
        0.8415532112121582,
        0.8690299987792969,
        0.7735130786895752,
        0.8647699356079102,
        1.0053348541259766,
        0.894949197769165,
        0.9400341510772705,
        0.9161961078643799,
        1.0494170188903809,
        0.784210205078125,
        0.6433110237121582,
        0.7833809852600098,
        0.7921321392059326,
        0.7775411605834961,
        0.8030760288238525,
        0.7702229022979736,
        0.8835349082946777,
        0.7960817813873291,
        0.794694185256958,
        0.7986111640930176,
        1.225973129272461,
        1.2231040000915527,
        0.7963719367980957,
        0.8856427669525146,
        0.7924771308898926,
        0.7809417247772217,
        0.8142800331115723,
        0.7999401092529297,
        0.7868478298187256,
        0.9558780193328857,
        0.7873642444610596,
        0.783156156539917,
        0.8621261119842529,
        0.7657501697540283,
        0.8999831676483154,
        0.7805941104888916,
        0.7783689498901367,
        0.7774322032928467,
        0.8079771995544434,
        0.7975399494171143,
        0.7772538661956787,
        0.7909870147705078,
        0.7689552307128906,
        0.8058807849884033,
        0.7792332172393799,
        0.7866690158843994,
        0.7804749011993408,
        1.0713050365447998,
        0.7934339046478271,
        0.8099269866943359,
        0.7965419292449951,
        0.8785479068756104,
        0.781580924987793,
        0.7845408916473389,
        0.7728610038757324,
        0.7709000110626221,
        0.8717329502105713,
        0.8048219680786133,
        0.7909400463104248,
        0.9035570621490479,
        0.796097993850708,
        0.8014252185821533,
        0.7763209342956543,
        0.7798001766204834,
        0.6318259239196777,
        0.620708703994751,
        0.7569639682769775,
        0.7675220966339111,
        0.6501381397247314,
        0.8060610294342041,
        0.6401479244232178,
        0.6235241889953613,
        0.7918479442596436,
        0.7996711730957031,
        0.783595085144043,
        0.7869949340820312,
        0.7829189300537109,
        0.6291780471801758,
        0.7595739364624023,
        0.7810540199279785,
        0.7692420482635498,
        0.8161768913269043,
        0.783837080001831,
        0.817192792892456,
        0.7902460098266602,
        0.8115909099578857,
        0.7877728939056396,
        0.9010820388793945,
        0.7972707748413086,
        0.8144199848175049,
        0.7779490947723389,
        0.780256986618042,
        0.6293880939483643,
        0.7902200222015381,
        0.7810149192810059,
        0.7728006839752197,
        0.7801740169525146,
        0.8126571178436279,
        0.7951381206512451,
        0.796302080154419,
        0.7979397773742676,
        0.789870023727417,
        0.7832021713256836,
        0.7752819061279297,
        0.8285989761352539,
        0.7888889312744141,
        0.7837989330291748,
        0.7775270938873291,
        0.7726690769195557,
        0.7855260372161865,
        0.777101993560791,
        0.8028490543365479,
        0.8014857769012451,
        0.781217098236084,
        0.8126378059387207,
        0.7832770347595215,
        0.7838389873504639,
        0.7855958938598633,
        0.7736918926239014,
        0.7796359062194824,
        0.772179126739502,
        0.7783851623535156,
        0.7751119136810303,
        0.8001110553741455,
        0.7747869491577148,
        0.7730369567871094,
        0.787086009979248,
        0.808955192565918,
        0.7853760719299316,
        0.7804558277130127,
        0.7783598899841309,
        0.7827692031860352,
        0.8000619411468506,
        0.7797729969024658,
        0.7859981060028076,
        0.7957079410552979,
        0.7790887355804443,
        0.7809011936187744,
        0.7752859592437744,
        0.7695720195770264,
        0.7671771049499512,
        0.8138482570648193,
        0.7868039608001709,
        0.8101730346679688,
        0.7703807353973389,
        0.7730059623718262,
        0.6266160011291504,
        0.7640678882598877,
        0.7780470848083496,
        0.7849311828613281,
        0.8056001663208008,
        0.8092639446258545,
        0.7760860919952393,
        0.7857410907745361,
        0.6244280338287354,
        0.7649040222167969,
        0.7953329086303711,
        0.6330900192260742,
        0.8205461502075195,
        0.6335020065307617,
        0.7613587379455566,
        0.7743270397186279,
        0.7983872890472412,
        0.6404168605804443,
        0.767545223236084,
        0.7845818996429443,
        0.8110249042510986,
        0.7990329265594482,
        0.6381258964538574,
        0.7661130428314209,
        0.6320116519927979,
        0.7539529800415039,
        0.7828800678253174,
        0.785747766494751,
        0.7832481861114502,
        0.8317849636077881,
        0.781749963760376,
        0.7791900634765625,
        0.7750992774963379,
        0.7858471870422363,
        0.7896721363067627,
        0.6408379077911377,
        0.6140851974487305,
        0.8028850555419922,
        0.7728629112243652,
        0.6271319389343262,
        0.7653887271881104,
        0.6362707614898682,
        0.6306209564208984,
        0.7648811340332031,
        0.7781329154968262,
        0.7744660377502441,
        0.8324229717254639,
        0.7924540042877197,
        0.6440660953521729,
        0.7730093002319336,
        0.7888100147247314,
        0.805722713470459,
        0.8160099983215332,
        0.7791299819946289,
        0.7787919044494629,
        0.795529842376709,
        0.8158349990844727,
        0.7897498607635498,
        0.9245638847351074,
        0.7948470115661621,
        0.8068232536315918,
        0.7839200496673584,
        0.7842907905578613,
        0.6322989463806152,
